"partida municipal";jubilado
9100;0
12060;0
17620;0
562833;0
52880;0
563337;0
35831;0
56851;0
56852;0
100286;0
563051;0
563052;0
563243;0
563245;0
563246;0
563247;0
563248;0
563249;0
563250;0
563251;0
563252;0
563253;0
563254;0
563255;0
563256;0
563257;0
563258;0
563259;0
563260;0
563261;0
563262;0
563263;0
563264;0
563265;0
563266;0
563267;0
563268;0
563269;0
563270;0
563271;0
563272;0
563273;0
563274;0
563275;0
563276;0
563277;0
563278;0
563279;0
563280;0
563281;0
563282;0
563283;0
563284;0
563285;0
563286;0
563287;0
563288;0
563289;0
563290;0
563292;0
563293;0
563294;0
563295;0
563296;0
563297;0
563298;0
563299;0
563300;0
563301;0
563302;0
563303;0
563304;0
563305;0
563306;0
563307;0
563308;0
563309;0
563310;0
563311;0
33980;0
100038;0
100039;0
562042;0
562047;0
562048;0
562064;0
562107;0
562128;0
562132;0
562145;0
562235;0
562252;0
562267;0
562280;0
562312;0
562319;0
562322;0
562450;0
562452;0
562524;0
562534;0
562546;0
562549;0
562591;0
562600;0
562827;0
2950;0
562056;0
562513;0
26110;0
562558;0
562559;0
562560;0
562939;0
563047;0
563056;0
10252;0
562143;0
562282;0
562244;0
100372;0
562029;0
562058;0
562205;0
562621;0
562622;0
562623;0
562624;0
562625;0
562626;0
562627;0
562628;0
562629;0
562630;0
562631;0
562632;0
562633;0
562634;0
562635;0
562636;0
562637;0
562638;0
562639;0
562640;0
562641;0
562642;0
562643;0
562644;0
562645;0
562646;0
562647;0
562648;0
562649;0
562650;0
562651;0
562652;0
562653;0
562654;0
562655;0
562656;0
562657;0
562658;0
562659;0
562660;0
562661;0
562662;0
562663;0
562664;0
562665;0
562666;0
562667;0
562668;0
562669;0
562670;0
562671;0
562672;0
562673;0
562674;0
562675;0
562676;0
562677;0
562678;0
562679;0
562680;0
562681;0
562682;0
562683;0
562684;0
562685;0
562686;0
562687;0
562688;0
562689;0
562690;0
562691;0
562692;0
562693;0
562694;0
562695;0
562696;0
562697;0
562698;0
562699;0
562700;0
562701;0
562702;0
562703;0
562704;0
562705;0
562706;0
562707;0
562708;0
562709;0
562710;0
23220;0
5710;0
3530;0
562514;0
60430;0
1930;0
1770;1
1040;1
24990;0
230;0
24991;0
24970;0
8990;0
57920;0
25520;0
22320;1
6820;0
90230;0
57910;0
57911;1
562619;1
621;0
24631;1
100272;0
18830;0
15820;0
100088;0
52430;0
29740;1
57912;1
24630;1
10650;0
80090;0
31770;0
563242;0
100183;0
4416;1
24280;0
58811;0
9970;0
2240;0
26120;0
1570;0
27132;0
17860;0
30340;0
56927;0
14550;1
57850;1
14721;0
28460;1
53151;0
13370;0
1630;1
14190;0
21130;1
32460;1
57841;0
57830;0
40570;0
20580;0
14740;0
14730;1
14710;1
14720;1
22280;0
15060;0
8190;0
9020;0
35250;0
35270;0
35370;0
60070;0
23150;1
562131;1
52540;1
58812;1
28630;1
34550;1
51006;1
16760;0
57820;0
602;0
54624;0
100337;0
35110;0
11810;1
53830;1
33490;1
53138;0
54991;0
33320;0
562251;0
29650;0
52830;0
55270;0
100417;0
100418;0
80330;0
2740;1
2560;1
26610;1
27000;0
16745;0
16747;0
32610;0
32370;1
9201;0
26600;0
15210;0
5350;0
21280;0
58835;0
33700;0
55267;0
100096;0
1150;0
52740;0
81140;1
26140;1
40080;0
57771;0
33480;1
3610;0
15280;0
15380;1
23110;1
57770;1
29120;0
29140;0
40821;0
90130;0
100142;0
70240;0
100166;0
1710;0
57760;0
33663;1
51868;1
51869;1
51871;1
51872;1
51873;1
100048;1
18060;1
7780;1
12190;1
563049;1
2360;0
29110;0
562985;0
562988;0
57640;0
4401;0
20310;1
562990;0
53533;0
24790;0
21580;0
60350;1
11300;1
80860;0
28750;0
3660;1
562010;1
562155;1
4101;0
5680;0
60240;0
28730;1
14690;0
14691;0
90660;0
9480;0
52390;0
57509;0
100364;0
7310;0
7311;0
22480;1
22470;0
57301;0
26770;1
21210;0
57710;0
20290;1
562601;1
26550;1
5320;1
52824;1
40870;1
57722;1
52386;0
40810;0
26860;1
100231;0
17000;0
22610;0
3590;0
22310;0
30440;0
30270;0
34860;0
30160;0
35170;0
562823;0
562824;0
32890;0
1940;0
562028;0
22440;1
9170;0
33430;0
52320;0
52330;0
52310;0
35070;0
23890;0
58910;0
563050;0
100018;0
100019;0
100020;0
100021;0
100023;0
31391;0
31392;0
52362;1
34120;0
100287;0
50941;0
34310;0
57690;1
52381;0
80040;0
80060;0
80410;0
80430;0
80470;0
80490;0
80520;0
80530;0
80710;0
80720;0
80790;0
80360;0
80440;0
80080;0
80100;0
80540;0
80550;0
80140;0
100482;0
100483;0
100484;0
13170;0
13180;0
562564;0
56463;0
56464;0
1720;1
15710;1
3870;1
52300;0
10920;1
4460;0
11120;1
16940;1
57680;0
2980;0
1990;0
1730;0
33150;1
34880;1
33510;1
100271;0
57670;0
100283;0
100284;0
100290;0
57764;0
26000;0
26010;0
26250;0
26280;0
26340;0
26392;0
26431;0
562081;0
563474;0
563475;0
26130;0
26381;0
563473;0
26390;0
26391;0
26393;0
26360;1
26432;0
26170;1
26310;0
100178;0
100180;0
4580;0
23650;0
51310;0
21920;1
33672;0
57761;0
57762;0
29530;1
25300;0
5340;0
3410;0
18540;0
18530;1
60340;0
17320;1
5341;0
100396;0
100397;0
32330;0
53727;1
20840;0
29950;0
9160;0
100292;0
23630;1
57302;0
12940;1
22600;0
22380;1
22620;0
50020;0
11080;1
562530;1
27790;0
56100;0
6001;0
8100;0
35814;1
2120;0
2130;0
3670;0
70490;0
60130;0
25740;0
18740;1
54371;0
13720;0
10860;1
10880;1
12240;0
33110;0
8820;0
9000;0
100082;0
31270;0
31274;0
31271;0
21170;0
12340;1
8300;0
15140;0
562115;0
58907;0
100100;0
100101;0
100102;0
100103;0
100104;0
100105;0
100106;0
4190;0
52030;0
8560;1
57511;0
17040;1
20600;0
221;0
563240;0
220;0
224;0
53831;1
8511;1
34280;1
100027;0
7830;0
20800;1
12100;0
1681;0
35830;0
52399;0
57515;0
56030;0
57513;0
26640;0
12330;1
9700;1
33170;0
57500;0
25570;0
54211;0
3490;0
310;0
9671;0
5001;1
100368;1
5000;1
100134;0
56470;0
80630;0
80640;0
80940;0
80950;0
80970;0
81150;0
81160;0
81180;0
81230;0
81270;0
81300;0
80960;0
81070;0
80610;1
80590;0
81260;0
80890;0
81060;0
81020;0
81190;0
81200;0
81250;0
81170;0
80990;0
81220;0
80660;0
81210;0
56560;0
23210;0
4441;0
81320;0
20120;0
34851;0
80980;0
81090;0
52130;0
53147;1
81050;0
1300;1
26730;0
10180;1
13960;1
71130;0
90770;0
13510;0
13530;0
80930;0
35520;1
562265;1
34630;0
35770;0
35510;0
57460;1
29190;1
35530;0
70860;0
70890;0
70970;0
70991;0
562959;0
562960;0
562961;0
562966;0
562967;0
562969;0
563229;0
563322;0
563329;0
563330;0
563333;0
563379;0
563417;0
563440;0
563444;0
563445;0
563446;0
563447;0
563448;0
563449;0
563450;0
563451;0
563452;0
563453;0
563455;0
563456;0
563457;0
563458;0
563459;0
563460;0
563461;0
563462;0
563463;0
563464;0
563465;0
563468;0
3780;1
562066;1
100267;0
57330;0
100204;0
57400;0
35824;1
90160;0
90350;0
10420;0
17010;0
5870;0
34680;0
58909;1
52120;1
57490;0
71011;0
23980;1
32130;0
57516;1
70470;0
34501;0
28841;1
8860;0
100249;0
14880;0
940;1
16120;0
562243;0
8310;1
25630;0
8950;0
8470;0
57441;0
100230;0
9990;0
35140;1
53736;1
100076;0
50890;0
58902;0
562828;0
19400;1
34720;0
21590;0
18380;1
11320;0
7220;0
7230;0
70610;0
10940;0
21420;0
21380;1
21660;1
21750;1
16950;0
16930;1
58838;1
23100;0
11660;0
5790;0
90620;0
100152;0
100153;0
100154;0
563174;0
5800;0
5810;0
14990;0
5830;1
33470;0
57310;0
32170;0
32430;0
32450;0
32300;0
32360;0
4140;0
830;1
57300;0
22510;0
11040;0
10300;1
11870;0
10310;0
10040;0
10290;0
3700;0
562063;0
3720;1
58898;0
20670;0
8550;0
11890;0
70942;0
27950;0
12900;0
1151;0
1153;0
2530;0
2540;0
6480;0
14960;1
15350;0
15960;0
24750;0
10700;0
51890;1
57307;0
25000;1
10710;0
21700;1
6710;0
31700;1
1280;0
15640;0
32440;1
3930;0
19100;1
34490;1
16180;0
4850;1
18250;0
71030;1
21350;0
4320;1
5310;0
4830;0
57260;0
26840;0
26790;1
26791;0
52060;0
23880;1
25910;1
57240;0
32420;0
57250;0
52020;0
16790;0
18350;0
33230;0
32860;1
12930;1
8580;1
20740;0
20750;0
57230;0
12030;0
562117;0
562118;0
562119;0
563383;0
10;0
27530;0
31363;0
16550;1
27910;0
30260;0
53515;1
100235;0
100226;0
100227;0
100228;0
12130;1
12131;0
53516;1
25200;1
70280;0
7380;1
17200;1
17621;1
29160;1
53526;1
53513;0
100221;0
53525;0
100223;0
100224;0
57200;1
55070;0
25460;0
7990;0
31291;0
17060;0
17090;0
17070;0
8880;1
7160;0
57170;0
100110;0
8650;0
24720;0
22000;0
562039;1
9070;1
4407;0
80510;0
34365;0
27070;1
15900;0
7270;1
11240;1
562522;1
20390;0
26380;1
57304;0
18040;0
18020;0
18030;0
14540;1
57160;1
57161;0
57150;0
18050;1
9650;0
52388;0
9770;1
9580;1
562451;0
3450;0
8171;0
52000;0
58883;0
35730;1
57130;0
100285;1
30470;0
30520;1
29100;0
14800;1
20560;0
16170;0
50880;0
29830;1
20540;1
57120;1
16320;1
32400;0
57305;0
56700;0
35350;1
100263;0
57306;0
57308;0
9720;0
57311;0
21410;0
561980;0
11820;1
56961;0
53892;1
53895;1
58899;0
2850;1
563469;1
52870;0
32770;1
8260;1
71100;0
100423;0
2010;0
6830;0
35434;0
13980;1
57100;0
34990;0
21900;0
30331;0
35060;0
3940;1
2200;0
710;1
57090;1
700;1
7440;1
17610;0
18730;0
50830;0
30430;0
60310;0
14600;1
57080;0
13490;1
13501;0
52145;0
5450;0
5480;0
5510;0
21600;0
8740;0
16600;0
52315;1
6380;0
16530;0
16540;0
13580;0
54209;0
4790;0
562275;0
562979;0
33280;1
21300;0
13000;0
57030;0
52410;0
17450;1
17460;1
32240;0
20730;0
31560;0
12600;1
11840;0
12590;1
2441;0
562049;0
562050;0
90271;1
90272;1
90273;1
90710;1
90720;1
90730;1
100128;0
460;1
4020;0
4110;0
562310;0
562585;0
563230;0
10500;1
562570;1
20810;0
52770;1
51970;0
5250;1
26810;0
26520;0
25700;0
53825;0
16620;0
563048;0
1140;1
14290;1
563380;1
33830;1
34810;0
4990;1
14300;0
13610;1
21340;1
57020;0
17580;1
26890;1
56990;0
51850;0
56970;1
25500;0
562837;0
15750;1
6910;0
6860;1
21870;0
4270;0
13130;0
6871;1
2620;1
13160;0
20570;0
562025;0
6770;1
7020;1
1340;0
6890;1
26930;0
1060;0
55450;0
562957;0
4770;0
55670;0
70450;0
11000;1
100173;0
100175;0
100201;0
100202;0
31364;0
15833;0
100488;0
51940;0
90500;1
27030;0
90990;0
32521;1
7581;0
17590;1
11520;0
11560;0
12910;0
3350;0
57890;0
57891;1
25250;0
53527;0
10190;0
22880;1
31330;0
4500;0
55360;1
53180;0
55140;0
51840;0
51933;0
51810;0
51931;0
51870;0
51860;0
51800;0
14260;1
100022;0
921;0
10990;0
10994;1
2990;1
970;0
56950;0
18930;1
56349;0
56354;0
24560;1
56040;1
24090;1
54207;0
15870;0
18340;0
18420;0
19350;0
19360;0
562109;0
8940;0
23440;1
14610;0
3040;0
56911;1
563020;1
51900;0
100313;0
51790;0
26160;0
20210;0
11070;0
53149;0
13680;0
21260;0
40600;0
56462;0
9630;0
53148;0
26820;1
27220;1
8140;1
11250;1
9661;0
31990;0
90450;0
2430;0
19070;1
35100;0
35450;0
52842;1
34051;0
9761;0
10390;1
33800;0
34050;0
56880;0
1550;0
6550;1
33471;0
23870;0
23830;0
24000;0
35490;0
14560;1
51770;0
58896;0
31600;0
11880;0
21357;0
16330;0
56944;0
18880;0
24570;1
55660;0
100508;0
51099;0
51161;0
51761;0
55580;0
100111;0
5591;0
20010;0
16230;1
3190;0
56251;1
56841;0
3890;0
28330;0
15470;0
56850;0
56840;0
28060;0
50640;0
562839;0
21360;0
30570;1
29870;1
21351;0
31570;0
32150;0
27340;0
13140;1
13540;0
53094;0
16280;1
25410;0
54950;1
56830;0
1390;0
12840;1
562587;1
563054;1
790;0
2760;0
26050;0
33880;1
70780;0
20870;0
55620;0
2382;1
1051;0
530;0
58615;0
10680;0
31760;0
15180;0
562108;0
562116;0
20920;0
70360;0
1290;1
80030;0
14570;1
26040;0
33080;0
13410;0
22030;1
563437;1
563438;1
35220;1
21460;0
21140;0
14050;0
34190;0
21070;0
53330;0
27020;0
130;0
15070;0
19880;1
56810;0
56790;0
56780;0
35458;0
100342;0
53100;0
100463;0
54623;1
592;1
1510;0
1890;0
16880;1
1500;1
29970;1
100074;0
35023;0
100256;0
56943;0
55578;0
100273;0
30390;1
80220;0
29330;1
562278;1
57930;1
27170;0
100061;0
27600;1
21830;0
562598;0
27470;0
34830;0
4630;0
20770;0
24650;0
24651;0
24652;0
3730;0
24670;0
35022;0
29660;1
100400;0
100401;0
100407;0
100409;0
100410;0
100260;0
100399;0
100402;0
100403;0
100404;0
100405;0
100406;0
33530;0
33673;0
7450;0
56720;1
562936;1
25510;0
40560;0
50680;0
100118;0
100119;0
90390;0
90400;0
13730;0
13870;0
71090;0
100362;0
9570;0
58733;0
100361;0
52621;0
100269;0
35580;0
562266;0
100205;0
33000;1
563085;1
100215;0
35650;0
14460;1
17630;1
7490;0
56670;1
55230;1
100338;0
21349;0
100238;0
80850;0
4470;0
8840;0
5360;0
56918;0
56920;0
4402;0
5880;0
562323;0
56941;1
10060;0
2600;0
51720;1
7590;1
33130;1
100237;0
15990;1
100414;1
56913;0
29430;1
56650;1
23680;0
35090;0
29510;1
50572;0
31273;0
31320;0
100408;0
31390;0
562156;0
11860;1
8180;1
35600;1
56662;1
100315;0
25400;0
100314;0
7960;1
19390;1
18980;0
11700;0
15600;0
58894;0
32661;0
6070;0
19370;1
20960;0
22870;0
17400;0
4920;1
4940;1
5160;1
563443;1
4930;1
17920;0
24580;0
90480;0
15810;0
18202;0
18203;0
3521;0
100189;0
100190;0
100191;0
5990;0
7150;1
17050;0
8090;1
12210;0
34160;0
34170;0
8440;0
8690;0
56510;0
56540;0
56580;0
54832;1
35760;1
56570;0
562477;0
2100;0
7430;0
8870;0
23460;0
56450;0
23340;0
56440;0
18870;0
1660;0
27490;0
1000;1
1001;1
15980;1
562241;1
563059;0
12400;0
562084;0
562085;0
562092;0
562093;0
562551;0
562552;0
20561;1
56420;0
52900;0
56300;0
70560;0
56410;1
8410;1
35661;0
57501;1
21400;0
11181;0
8980;0
18460;0
18510;0
13230;0
562948;0
11100;0
562518;0
562519;0
562520;0
14320;1
14270;1
22560;0
562576;0
16270;0
19170;1
12810;1
3910;1
562157;0
562158;0
562159;0
562160;0
562161;0
562162;0
562163;0
562164;0
562165;0
562166;0
562167;0
562168;0
562169;0
562170;0
562171;0
562172;0
562173;0
562174;0
562175;0
562176;0
562177;0
562178;0
562179;0
562180;0
562181;0
562182;0
562183;0
562184;0
562185;0
562186;0
562187;0
562188;0
562189;0
562190;0
562191;0
562192;0
562193;0
562194;0
562195;0
562196;0
562197;0
562198;0
562199;0
562200;0
562201;0
562202;0
15570;0
1010;0
3460;1
28200;1
51620;0
58897;0
18410;0
56370;1
58905;0
53250;1
33440;1
24900;1
90380;1
25140;0
29240;1
21348;0
4620;0
52090;0
23420;1
563418;1
18750;0
71200;0
3280;0
4220;0
4221;0
6330;0
51590;1
12950;0
14620;0
56350;0
56340;0
51880;0
56353;0
10950;0
56320;0
26990;0
100087;0
58892;0
51570;0
51560;0
22180;0
32550;0
32551;0
32552;0
27180;0
53607;1
53202;1
7210;0
100324;0
100325;0
100222;0
100398;0
16310;1
56290;0
30600;0
56359;1
56352;0
56351;1
34913;0
562257;0
35820;0
60010;0
35560;1
56358;1
24820;1
30460;0
100155;0
22570;1
56280;0
90470;0
100120;0
24140;1
110;1
13450;1
20;0
11361;0
23080;0
6041;0
35440;0
16350;0
17180;1
350;1
360;1
6002;0
70640;0
70630;0
7720;1
31720;1
100496;0
29411;0
32560;0
32561;0
51920;0
54994;0
56730;0
10890;1
51540;0
51370;0
14020;1
29890;1
563422;1
58891;0
11911;0
11912;0
11913;0
11910;0
12220;0
7200;1
58886;1
22800;0
22790;0
40680;1
22960;0
22770;1
28800;1
28571;1
28572;1
31820;0
6410;0
55572;0
55573;0
55574;0
100036;0
100093;0
100095;0
32800;1
25710;0
50542;0
562234;0
34590;1
34600;1
51530;0
33290;0
9210;0
19220;1
100253;0
3230;1
53850;1
58904;1
53082;0
562506;0
25980;1
51440;0
33421;0
12180;1
17930;0
7800;0
34850;0
28480;0
56357;0
33410;0
16710;0
1680;0
23070;0
16720;0
58912;0
100334;0
2040;0
4860;1
31730;0
55680;0
21690;0
26960;1
31980;0
30330;1
56160;0
3161;0
29780;0
12260;0
12410;0
35150;0
10520;0
5731;0
6430;0
6040;0
30311;0
53170;0
31650;1
31660;1
31661;1
100083;1
100084;1
563470;1
11090;0
10770;1
7810;0
25110;1
25160;1
50795;0
50796;0
7320;0
30310;0
23270;1
340;1
100300;1
56150;0
10160;0
25030;0
30090;1
100005;0
100085;0
100086;0
58810;0
56130;0
15150;0
562253;0
562256;0
4640;1
30530;0
58884;0
51510;0
13560;0
56140;0
54330;0
53251;0
56120;0
32790;0
32620;0
25440;1
12420;1
31910;0
18290;0
562238;0
9310;0
16210;0
100184;1
100182;1
2371;0
7950;0
11980;0
70010;0
51431;0
33780;0
33950;0
33970;0
34130;0
51432;0
20680;1
7350;0
54660;1
100129;0
100130;0
100131;0
90460;0
90170;0
100151;0
6210;0
16380;1
53728;1
70260;1
100032;0
100060;0
100080;0
100081;0
100091;0
100373;0
100374;0
100375;0
100376;0
100379;0
100421;0
100500;0
562040;0
562041;0
50140;0
56900;1
8960;0
19920;0
32930;1
32960;1
32980;1
32990;1
16560;0
55560;0
32970;1
2351;0
100247;0
2251;0
7420;0
562031;0
40850;0
53680;0
1210;0
1211;0
1190;1
53986;0
1030;0
1220;0
51490;0
8160;0
23800;0
34040;0
56090;0
33690;0
33910;0
56080;0
17140;0
34230;0
100456;1
70461;0
70030;1
54201;0
21354;0
55570;1
10122;0
1230;0
54217;1
60;0
19080;1
19520;1
19410;1
51961;0
54930;1
15840;0
562142;0
28061;0
28440;1
31251;0
31250;0
10800;0
4290;0
5070;0
20760;0
20150;1
29810;1
100062;0
18240;0
16370;0
34210;0
31950;0
562982;0
3160;0
562819;0
562820;0
31960;0
5670;0
32630;0
54990;0
100470;0
51470;0
28430;1
32631;1
57140;0
100460;0
28810;0
16260;0
18610;0
28500;0
28760;0
5730;0
27970;0
27953;1
28041;0
58889;0
5720;1
29280;0
56590;0
29161;0
10210;0
562941;0
562942;0
35480;0
27380;0
55650;0
51160;0
51170;0
10910;0
17960;0
4450;0
31680;0
15850;1
56060;0
11500;0
150;0
26350;0
17970;0
17600;0
56050;0
56550;0
100098;0
9050;0
9140;0
100348;0
100328;0
100363;0
100327;0
27270;1
100009;0
1950;0
100097;0
51038;0
100090;0
35828;0
20530;1
56011;0
58753;0
100140;0
100160;0
54122;0
54410;0
100281;0
100282;0
31830;0
51434;1
563222;1
27500;0
562540;0
22270;1
53600;1
100099;1
29990;0
100465;0
56045;1
563426;1
6120;0
980;0
100395;0
54126;0
53054;1
3820;1
100492;0
10870;1
19570;1
10610;0
56020;0
52741;0
56041;1
13120;0
2670;0
32380;0
32600;0
7090;1
9090;0
90670;0
34760;0
24082;1
19730;1
52942;0
57650;0
28650;1
6140;0
3631;1
23090;1
2050;0
29470;1
57661;0
28162;1
20860;0
19760;1
21500;0
12300;1
56042;0
60180;0
28100;1
563016;1
60290;0
23840;0
25800;0
17540;0
33750;0
54862;0
562079;0
562954;0
563343;0
563344;0
19240;0
14200;0
55820;0
562072;0
55900;0
55860;1
55840;0
54999;0
100468;0
55790;0
3632;0
55780;0
52405;0
55590;0
55600;0
55730;0
55770;0
55520;1
55980;0
100312;0
34460;1
100239;0
100240;0
21640;1
22130;0
80120;0
80340;0
80800;0
100170;0
100168;0
100169;0
31810;1
7400;0
17740;0
27160;0
32780;0
33190;0
16420;0
34150;0
55004;1
19010;1
15160;1
11210;0
6680;0
13240;0
23250;0
55500;0
21363;0
6580;0
52396;1
24400;1
13020;0
24460;1
22390;0
21774;0
22400;0
22890;0
1600;0
28520;0
1960;0
5500;0
5490;0
26150;0
4660;0
9640;1
9641;0
56043;0
100092;0
4980;0
17701;0
40590;0
100381;0
100382;0
25640;0
55577;0
54208;0
18450;1
1640;1
53402;1
19260;0
562993;0
563089;0
17240;0
19680;0
562590;0
55005;0
100196;0
5120;0
100197;0
22260;1
56049;0
25950;0
563340;0
90060;0
100199;0
6650;0
1670;0
100198;0
1900;0
56044;0
40730;0
55630;1
31740;0
58836;0
27130;0
32580;1
1270;1
1410;1
70080;0
6600;1
25670;1
25090;0
850;0
51603;0
6440;1
562237;0
17080;0
11290;1
34370;0
70910;0
11740;0
13890;0
24480;0
562972;0
18130;1
1760;1
17760;1
27190;0
55330;0
22120;0
22121;0
25750;0
7840;1
60013;1
690;0
100322;0
80250;0
80260;0
40760;0
40750;0
55482;0
13780;0
5520;1
5981;1
5982;1
100307;1
5983;0
5910;0
100149;0
100150;0
90630;0
23620;0
55470;0
12970;0
100068;0
563177;0
563199;0
12120;1
6620;1
55400;0
55460;0
19780;1
19800;1
54309;1
562832;1
54320;0
28740;0
15501;0
19790;0
562044;0
100259;0
55310;0
55370;0
4490;0
7030;1
55481;1
7010;0
19210;0
55280;1
55290;1
54680;0
70430;0
14530;0
20200;0
18710;0
13900;1
1840;0
52440;0
3900;0
4560;0
10110;0
23190;1
7660;0
562553;0
3520;1
23200;1
562133;1
24084;0
35431;0
35435;0
35436;0
35437;0
35438;0
35439;0
35442;0
35443;0
35444;0
35446;0
35447;0
35451;0
35452;0
35454;0
35457;0
35461;0
54801;0
8280;0
34920;0
21490;0
21730;0
90260;0
12270;0
26510;0
8320;0
10241;0
26500;0
26570;0
27480;0
27960;0
52782;0
54964;0
54982;0
100161;0
100466;0
100473;0
562053;0
562054;0
562062;0
562075;0
562076;0
562120;0
562272;0
562273;0
562287;0
562303;0
562304;0
562305;0
562315;0
562318;0
562997;0
562998;0
563022;0
563023;0
70660;0
51300;0
100433;0
9890;0
60270;0
22161;1
57340;1
31850;0
100419;0
9500;1
9502;1
9501;0
4760;0
55690;0
53806;0
70320;0
13710;1
100349;0
55880;1
15360;0
100219;0
7280;0
100220;0
100293;0
100294;0
100295;0
6220;0
58854;0
7600;0
562554;0
19980;1
20140;1
19990;1
20030;1
100298;1
100299;1
54721;1
10140;1
2891;1
2890;1
19590;1
18550;0
18560;0
100490;0
18070;0
17950;0
4430;0
4431;0
32690;0
90840;0
100138;0
55062;0
100319;0
21760;1
54621;1
562620;1
51005;0
55240;1
90290;1
55221;0
4160;1
53042;0
53043;0
53050;0
563060;0
563061;0
563062;0
563063;0
563064;0
563065;0
563066;0
563067;0
563068;0
563069;0
563070;0
563071;0
90830;0
52379;0
81110;0
52383;0
32760;0
33200;0
55220;0
55210;0
53083;0
562507;0
21040;1
58864;0
9270;0
9620;1
9730;1
21840;0
55190;0
21970;0
29080;0
55110;0
55120;0
55130;0
54861;0
55030;1
55020;1
54980;0
25580;0
562074;0
100162;0
100163;0
100164;0
33120;1
23380;0
54992;0
55012;0
55006;1
54997;1
55008;0
55007;0
55011;0
54971;0
55009;0
16460;0
55010;0
54880;1
17410;1
56046;1
18230;0
54681;1
54123;0
32950;0
34290;0
31300;0
31280;1
562843;1
54961;0
17290;1
17300;1
80350;0
28010;1
19291;1
19950;1
70220;1
29880;0
55180;0
32710;1
55192;0
55191;0
33400;0
33900;1
29981;0
25190;1
25210;1
25590;1
562308;1
30060;0
54870;1
54850;1
33350;0
33380;0
54810;0
54800;0
19550;1
29410;0
54830;0
19340;0
33810;0
54790;0
54292;0
54780;0
100394;0
31430;0
28560;0
28160;0
8500;1
28950;0
60330;0
563180;0
11590;1
14890;1
54127;0
53044;0
55000;0
55021;0
14210;0
7290;0
562581;0
32870;1
31275;0
31277;0
31278;0
562617;0
562618;0
51230;0
53605;0
19540;0
562573;0
4570;0
4571;0
90760;0
53948;1
563025;1
55263;0
55264;0
30400;1
12680;0
17420;0
17781;0
35640;1
34750;0
13460;0
28190;0
12040;1
13461;0
8450;1
70650;0
100432;0
51960;0
6671;0
2790;0
55261;0
54730;0
25730;0
16150;0
35552;1
20470;0
35553;1
100340;0
54206;0
54720;0
58834;0
100089;0
4870;0
16130;1
562242;1
53131;1
31360;0
563194;0
10170;1
54411;1
80;0
10720;0
24330;1
20220;1
20330;1
40700;0
18160;1
1530;0
1531;0
22200;1
563421;1
50170;0
16820;0
563336;0
24942;1
24941;1
24940;1
562545;1
1850;1
26580;0
1860;0
50390;0
6280;0
31911;1
31930;1
90445;0
22060;0
16590;1
28310;0
14230;0
54710;0
8040;0
12265;0
54412;0
7330;0
54700;0
54690;0
33160;0
35554;0
562088;0
31260;0
26270;0
26260;0
70120;0
21010;0
18210;1
24030;1
57906;0
563181;0
14590;0
14810;0
14170;1
24100;0
100506;0
27110;0
2570;1
7120;1
13520;0
21980;0
40620;0
55170;0
26560;0
22081;0
20440;1
53731;1
35190;0
562260;0
21550;0
21560;0
21570;0
21610;0
20550;1
100504;1
31750;0
26850;0
19200;0
563385;1
90310;0
5740;0
55720;0
30510;0
71160;1
8700;0
19470;0
3770;1
562065;1
34721;0
34930;0
51251;0
23430;0
51331;0
58859;0
58861;0
24980;0
18580;1
8290;1
2940;0
20340;0
20350;0
7910;1
14130;1
55832;0
14470;0
51741;1
15370;1
31361;0
54640;1
23401;1
9610;1
10350;0
19030;1
17490;1
34480;1
12880;1
33364;1
29940;1
13270;0
563471;0
26680;0
26690;0
31991;0
53551;0
31970;0
26190;0
22670;1
51330;0
56800;0
12161;0
33840;1
25130;1
17530;1
23900;1
10080;0
51433;0
55061;0
18500;0
31530;0
18960;0
9530;0
31540;0
13390;0
54630;1
25830;0
55063;1
15940;1
24960;0
14070;1
33232;0
32280;0
20640;0
3370;1
9520;1
100301;0
100332;0
6250;0
25600;0
55064;0
4040;1
32190;0
17480;1
7080;1
14040;1
17700;0
100302;0
100331;0
33740;1
563039;1
7480;0
28040;0
8850;1
100063;0
9521;0
10250;0
562532;0
58848;1
21347;0
1910;0
563179;1
60091;0
60420;0
11640;0
19330;0
3260;0
580;0
2800;1
2380;1
920;1
14220;0
9810;0
16080;0
16000;0
18490;0
7650;0
2920;0
2770;0
7820;0
100493;0
100494;0
100495;0
54590;0
12360;0
16040;1
16160;1
80690;0
660;0
6500;1
10750;0
16870;0
562027;1
6669;0
22290;0
16900;0
22520;0
22240;1
34161;0
562569;0
17230;0
10130;0
10760;0
562568;0
23610;0
23640;0
10470;0
1480;1
16751;0
100326;0
15030;0
100329;0
100336;0
1120;0
7510;1
53670;0
23360;1
560;1
750;1
54212;0
28170;0
26480;0
57309;0
31610;0
20660;1
54580;0
100234;0
53519;0
33010;1
35550;1
56630;1
562087;1
54550;0
29840;0
60421;0
6060;1
30370;0
51601;1
80010;0
20820;0
34070;0
55262;0
562952;0
10510;0
31900;1
500;0
17330;1
57913;1
30190;0
19420;1
25840;0
100261;0
100262;0
54540;0
54520;0
31690;0
3850;1
11600;1
19500;1
35230;0
35290;0
35300;0
35320;0
35330;0
35390;0
562261;0
562263;0
562264;0
930;0
2030;0
14280;0
52313;0
9991;1
56520;1
870;0
32250;0
51480;0
16010;1
563384;1
563387;1
14430;1
50571;0
50573;0
58865;0
25040;0
19670;0
562516;0
29031;0
81040;0
5230;1
9820;0
16660;0
19250;0
18370;1
29600;1
22750;1
33260;0
20930;0
23990;0
25971;0
53802;0
21890;1
26880;1
90381;0
1090;0
4900;0
51280;0
29670;0
70990;0
100369;0
563395;0
100370;0
3150;0
562057;0
55710;0
16020;1
34180;0
21650;0
90140;0
90180;1
563027;1
18110;0
24310;1
54470;0
90020;0
24890;1
562592;0
562593;0
563133;0
563134;0
563135;0
563136;0
563137;0
563138;0
563139;0
563140;0
32520;0
31611;0
31612;0
100115;0
19150;0
60005;1
11790;1
27400;1
22420;1
13420;1
100462;0
5760;0
5761;0
40;0
7360;1
100310;0
34010;1
14090;1
21030;1
22530;1
34260;0
34270;0
29460;0
54921;1
23950;0
180;1
14440;0
20080;0
54461;1
54440;1
54460;1
100188;0
2390;0
8360;0
12560;0
81030;0
54430;0
58890;1
51250;0
100000;0
52070;1
100001;1
100003;1
100004;1
90680;0
58853;0
31860;0
33220;0
5170;0
57766;1
18650;1
18660;1
18670;1
18680;1
8240;0
51220;1
22160;1
14900;1
9860;0
25540;0
720;0
4360;0
27131;0
20980;1
2750;0
52710;0
19750;0
20190;1
9130;0
14580;1
18690;0
25060;0
24910;1
20170;1
19430;1
16742;0
3860;0
24180;0
55581;0
30050;0
55013;0
34840;0
29710;1
27420;0
21361;0
55576;0
100094;0
24530;1
3580;0
3581;0
29820;1
563055;1
5380;0
54920;0
40841;1
28600;1
100360;0
53509;0
7470;0
562578;0
12350;1
20180;0
11110;0
71110;0
5860;1
17341;1
27150;0
54295;0
100346;0
30300;1
5391;0
26970;0
21450;0
100143;0
90950;0
51180;0
51171;0
21320;1
890;0
900;0
21771;0
21775;0
9400;0
21780;0
26030;0
20510;1
11680;0
54400;1
22020;1
7700;1
24870;0
9920;1
15270;1
563132;1
12000;1
18760;1
29730;1
7750;0
55740;0
8340;1
18600;1
562144;1
19310;0
18782;0
18850;0
18790;0
18800;0
18820;0
430;0
5331;1
100318;0
3680;0
54390;0
13630;1
563191;1
563192;1
13640;1
562975;1
34640;0
160;1
19380;1
25620;1
60280;0
2900;1
17660;0
20520;0
100013;0
22690;1
23010;0
3851;0
23000;1
4030;0
22990;0
8390;0
23020;0
29040;1
563442;1
54622;1
7710;0
20000;1
22220;1
70580;0
70001;0
13400;1
1470;0
1420;0
1430;0
13750;0
13760;0
13770;1
21367;0
35460;1
1440;0
2060;0
6690;0
1260;0
1240;0
6640;0
2070;1
6900;1
60020;1
60150;1
34960;0
6970;0
2020;1
12050;1
21950;0
562599;0
11430;0
34731;0
11010;0
30180;0
27230;0
27280;1
55200;0
55201;0
53523;0
21100;0
1540;0
70210;0
32050;0
18700;1
60360;0
28461;0
562227;0
562228;0
562229;0
562230;0
562231;0
80870;0
8080;1
93000;0
18190;0
10630;0
70;0
33790;0
54552;0
58862;0
100107;0
58837;0
100248;0
50570;0
58880;0
100010;0
100012;0
58850;0
100446;0
100447;0
11260;0
11261;0
15670;0
40660;0
40710;0
34320;0
11970;0
70050;0
70110;0
70340;0
70370;0
70390;0
70480;0
70510;0
70600;0
100435;0
100437;0
100439;0
100440;0
100441;0
100442;0
100445;0
100448;0
100449;0
100450;0
100451;0
100452;0
100453;0
70670;0
19600;0
19630;0
562453;0
3620;1
29030;0
53820;0
29290;0
52395;0
6370;0
32840;0
32841;0
52391;0
52392;0
52393;0
90780;0
90790;0
90910;0
90920;0
91020;0
52403;0
52404;0
52394;0
90650;0
90810;0
90900;0
90980;0
52398;1
90930;0
22950;1
90274;0
18640;0
31413;0
70520;0
11620;1
100206;0
12150;0
54350;0
10660;0
6360;0
11720;0
90530;0
90820;0
90870;0
15310;0
55878;1
9386;1
90600;0
30550;0
54420;0
15530;0
15540;0
100136;0
100135;0
90210;0
14140;1
40840;1
4104;0
80370;0
80380;0
27200;1
52375;1
10810;0
57070;0
4510;1
58827;0
19300;1
29321;1
26940;0
16770;0
14120;0
35464;0
562971;0
563024;0
563074;0
563312;0
563313;0
563314;0
563315;0
563317;0
563318;0
563319;0
563320;0
563321;0
400;1
7130;0
18931;0
18920;0
53390;0
51120;0
51100;0
51090;0
12720;1
562586;1
12721;0
563058;1
50794;1
30590;0
50797;1
6560;0
51080;0
20710;0
90590;0
100475;0
330;0
26060;0
26061;0
26062;0
12870;0
32410;1
33720;1
33370;0
33360;0
21355;1
13670;0
17570;0
17650;0
10550;0
14310;1
8230;0
9740;1
12140;0
270;0
54290;0
13500;0
100471;0
19620;0
25920;1
25940;1
25960;1
21356;0
9690;1
80560;0
7000;0
100357;0
4791;0
100479;0
100480;0
100481;0
4610;1
562946;1
562984;0
54280;0
56600;0
5400;1
100265;0
30920;0
30630;0
30640;0
30650;0
30660;0
30670;0
30680;0
30690;0
30700;0
30710;0
30720;0
30730;0
30740;0
30750;0
30751;0
30752;0
30753;0
30754;0
30840;0
30850;0
30860;0
30870;0
30880;0
30900;0
30910;0
30930;0
30940;0
30950;0
30960;0
30970;0
30980;0
30990;0
31000;0
31010;0
31020;0
31030;0
31040;0
31150;0
31160;0
31170;0
31180;0
31190;0
31210;0
31240;0
562288;0
562289;0
562290;0
562291;0
562292;0
562293;0
562294;0
562295;0
562296;0
562297;0
562298;0
4415;0
7370;0
18280;0
22650;1
52822;0
12160;1
90860;0
57870;0
60370;0
100254;0
10340;0
29680;1
20090;1
14840;0
2381;0
8920;1
23130;1
50200;0
23300;1
52311;0
16190;0
30540;0
1080;1
31590;1
58855;0
32220;0
2370;1
20541;0
19660;0
31362;0
100246;0
33640;0
28890;1
32390;0
34250;0
54260;0
562255;0
100024;0
6880;0
4670;0
52823;0
54270;0
11960;0
56460;0
11570;0
54240;0
11400;0
722;0
1380;0
5610;0
54220;0
562509;0
20590;0
12740;0
12890;0
12741;0
11140;0
11141;1
18440;1
8050;1
8000;1
562127;1
562129;1
6100;0
6110;0
8030;0
490;0
5220;0
562317;0
4102;1
35445;0
57765;0
57769;0
562947;0
33030;0
30420;0
25240;0
21850;0
26780;1
23400;1
9040;0
51050;0
29230;0
12080;0
12090;0
15240;0
8020;1
30170;0
26760;0
7921;0
11850;0
610;0
19650;0
2170;1
11190;0
19710;0
70770;0
55575;0
52040;0
60011;0
21343;0
21342;0
21341;0
21344;0
21346;0
21337;0
21368;0
21366;0
21358;0
21353;1
21470;1
23790;0
2610;0
12730;0
32000;0
54216;0
100365;0
100367;0
4530;1
21880;0
56490;0
52590;0
11280;1
26900;0
90370;0
90440;0
90442;1
90447;1
80420;0
80050;1
58895;0
26800;0
21910;0
33050;0
17990;0
27890;0
54210;0
53320;1
21480;0
60400;0
9080;1
100172;0
28011;0
1350;0
1800;0
14370;0
30410;1
54141;0
54140;0
24470;1
9383;1
53154;0
70680;0
35420;1
54205;0
52610;0
54200;1
5630;1
20500;0
9790;0
12540;0
7571;0
11580;0
90443;0
90444;0
55540;0
40610;0
11760;1
15970;0
11930;0
27100;0
5560;1
91010;0
100137;0
24490;0
21060;1
7460;0
5580;0
24450;0
22150;0
29750;1
5550;0
5570;1
100464;0
11920;0
12230;0
29200;0
24150;1
24170;1
29790;0
15320;0
32700;0
5540;1
10840;0
53725;1
54181;0
562830;0
31890;1
7040;0
28940;0
29380;0
29370;0
54170;0
17830;0
53803;1
7740;1
17870;0
51029;1
55579;0
50789;0
50788;0
54160;0
24730;1
51030;1
10980;0
562528;0
33310;1
21930;0
90120;0
27310;0
860;1
60390;0
32120;0
54150;0
57010;0
16840;1
100321;0
58843;0
4411;0
4412;0
4414;0
23760;0
17350;1
4413;0
54130;0
101;0
102;0
5911;0
30070;0
35821;0
53750;0
100335;0
100377;0
100497;0
11470;1
22660;0
10220;0
10219;0
563007;0
28450;0
24680;1
12790;1
562589;1
16810;1
562089;1
18090;0
51010;0
58847;0
50891;1
54110;1
51000;0
51602;0
50990;1
9340;0
52860;0
562567;0
562891;0
562892;0
563432;0
100415;0
100416;0
56860;1
13470;1
27120;0
290;1
15430;0
562139;0
100443;0
24110;1
23850;1
1590;1
17840;0
17841;0
3130;0
29910;0
29911;0
19930;0
16490;1
16610;0
11011;0
17900;0
17881;1
21369;0
17850;0
24200;0
5260;0
5261;0
9960;0
3600;0
11050;1
562529;1
4520;0
9240;0
19510;1
10850;0
9680;0
24620;0
27850;1
562207;1
1180;0
51820;0
4960;0
4240;0
16240;1
26950;0
10590;1
54770;1
25660;0
29930;0
24050;1
17880;0
23590;0
25281;0
24880;0
10960;1
562527;1
7952;1
25270;1
31400;0
24550;0
24020;0
51062;0
52411;0
1610;0
9430;1
17820;0
23690;0
23700;0
10740;1
32350;0
31490;0
70250;0
760;0
4650;0
50980;0
100459;0
100241;0
2640;1
70950;0
27320;0
54101;0
55361;0
32820;0
18520;0
3420;0
14390;0
30;0
7690;0
11200;0
14750;0
14760;0
14980;0
34500;0
562204;0
562577;0
29170;1
50940;1
70881;0
70380;0
19490;1
100485;1
56061;1
590;0
5300;1
54090;0
11780;0
70840;1
11670;0
5593;0
4600;0
54071;0
100320;0
55266;0
50922;0
50921;0
19860;0
9830;1
9870;0
32260;1
9880;0
9940;0
26590;1
5050;0
27430;0
10560;1
51930;0
100392;0
22550;0
53143;1
5430;1
56500;0
35030;0
35050;1
6000;0
53990;0
563099;0
563100;0
563101;0
563102;0
563103;0
563104;0
22780;0
52493;0
53951;0
70020;0
54010;0
53981;0
53982;0
53983;0
53984;0
53985;0
53980;0
51670;0
56000;0
100181;0
53960;0
100179;0
53959;0
14940;0
25450;1
33040;0
24070;0
562224;0
9980;0
54213;1
20970;1
1250;0
27860;0
470;1
20040;1
12640;1
53965;0
55850;1
56461;0
10997;0
53950;0
53945;0
53930;1
53822;0
40580;0
15700;0
23170;1
562978;1
4540;1
31870;0
2720;0
562836;0
53891;0
5040;0
5110;0
29150;1
28180;1
7190;0
52402;1
56610;1
562912;1
33870;0
26720;0
26740;0
28161;1
6520;0
6090;0
71170;0
25780;1
52654;0
53616;0
53617;0
53618;0
53619;0
53614;0
26420;1
26430;1
53890;1
18590;1
440;0
3570;0
10260;0
4970;0
56640;0
4820;0
10280;0
54214;0
24081;1
27390;1
100412;0
562953;0
100413;0
28020;0
34780;0
40720;0
34240;0
57750;0
80130;0
80150;0
22860;0
50887;0
50888;0
563012;0
1110;0
1020;0
30380;0
80160;0
29580;1
90490;0
28861;1
29130;1
23390;0
2821;0
50889;0
58901;0
563362;0
563363;0
563364;0
563365;0
563366;0
563439;0
28580;1
14330;0
640;0
1100;0
35590;0
14110;0
7730;0
15040;0
15090;0
15110;0
320;0
100393;0
13650;0
50850;0
53528;1
20620;0
58616;1
33630;0
70691;0
70690;1
9510;1
100311;0
100358;0
100359;0
57180;0
55050;0
100233;0
31276;0
13660;0
13620;1
54968;1
30490;0
25770;0
60460;1
35816;1
20050;1
100304;1
13820;0
13830;0
13810;0
11610;0
21720;0
22540;1
4780;0
21250;1
55760;0
28770;1
70350;0
11310;1
12070;0
13590;0
25370;0
25360;0
6340;0
18840;0
25815;0
70550;0
70551;0
70552;0
100434;0
70553;1
5370;0
28960;1
29360;1
29350;0
1920;0
25930;1
18270;1
90330;0
14450;1
90410;1
510;0
58867;0
32070;0
17500;0
32110;0
53840;0
16510;0
4409;0
10480;0
1160;0
21270;0
15880;1
3100;1
70790;0
28590;0
100;1
3330;1
70460;1
1740;0
24510;1
4000;1
57922;0
53810;1
35310;0
10600;1
9250;0
21790;0
53804;0
100317;0
53832;0
8750;1
54996;0
100472;0
54125;0
10690;1
563419;1
100014;0
100075;0
563008;0
50781;0
27512;0
70440;0
16670;1
71190;1
51935;1
51830;0
14670;0
50690;1
9060;1
14030;1
21330;0
3731;1
54760;0
53807;0
6700;0
53805;1
51630;0
5750;1
10820;0
8460;1
7271;0
50620;1
18810;0
58849;0
100112;0
50972;0
100026;0
58851;0
11390;0
80300;0
60410;0
12611;0
4480;0
33680;1
100498;0
53790;0
10050;0
210;0
24160;0
17310;0
17710;0
14520;1
53781;1
21540;0
21200;0
14240;0
53156;0
53157;0
14340;0
14850;0
25610;0
53592;0
53593;0
53594;0
53595;0
53596;0
53599;0
100047;0
100216;0
100217;0
31440;0
563090;0
21440;0
562512;0
20890;0
8800;0
28260;1
13800;0
12200;1
7390;0
16220;0
13790;0
2680;0
8600;0
8620;1
25470;0
53770;0
31470;0
31520;0
50660;0
50670;0
2000;1
22230;0
28900;0
28901;0
29400;1
53760;1
2910;0
2140;1
2160;1
40060;0
8490;1
11130;0
11940;1
10360;0
80180;0
80900;0
9384;1
100156;0
90808;0
5470;0
840;0
32910;1
33140;0
12020;0
2290;0
11950;0
14790;0
562035;0
562036;0
562037;0
562038;0
6840;0
35000;1
52361;0
28400;1
33540;0
90150;0
5600;0
100303;0
32090;0
17160;1
5620;0
2480;0
23710;0
11550;0
11551;1
100250;0
3300;1
70750;0
34723;0
2090;0
2180;0
51311;0
22100;0
34090;1
27350;0
20250;0
53721;0
31369;0
21020;1
100505;0
100519;0
100523;0
100507;0
100517;0
100509;0
100520;0
100510;0
100521;0
100511;0
100515;0
100514;0
100516;0
100526;0
100513;0
100528;0
100527;0
100518;0
100525;0
100529;0
100522;0
100524;0
15020;0
100040;0
100041;0
100042;0
100043;0
100044;0
100045;0
100046;0
100049;0
100050;0
100051;0
100052;0
100053;0
100054;0
100055;0
100056;0
51861;0
51862;0
51867;0
51936;1
28920;0
51863;0
51866;0
28811;0
28830;0
562102;0
17110;0
35010;0
90030;0
100015;0
26321;0
21160;0
29550;1
24930;0
15690;0
8510;0
2080;0
6720;0
16630;0
52651;0
100211;0
100212;0
100213;0
100214;0
2420;0
21670;0
21680;0
6780;0
13320;0
13330;0
13340;0
13350;0
13360;0
13060;0
13990;0
6730;0
562565;0
13280;0
17270;0
13970;0
33580;0
31370;0
21321;0
51865;0
13940;0
53710;0
52652;0
53700;0
32940;1
33020;1
33550;0
33551;0
57931;0
13030;0
13040;0
13050;0
13070;0
562563;0
7110;0
15740;0
100145;0
100146;0
100147;0
100148;0
6740;0
3010;1
33670;0
24800;1
34510;0
31580;0
34970;1
31800;1
53690;0
27740;1
3833;0
16110;1
53720;0
100186;0
17910;0
33860;1
34971;0
15560;0
32340;0
50970;0
27460;1
34690;0
34520;0
9950;1
31290;1
562844;1
53629;0
26540;0
16640;0
4400;1
23160;0
56200;0
56210;0
56220;0
40630;0
40650;0
100378;0
22340;1
53540;1
8930;0
3650;0
31350;1
20400;0
34740;1
1620;0
3651;0
4408;0
15170;0
17279;0
480;0
12660;0
6020;1
8070;0
70040;0
100455;0
562446;1
563079;1
563080;1
563081;1
563082;1
563083;1
563084;1
563435;1
52312;1
58833;1
70151;0
70160;0
70830;0
90010;0
26710;1
4106;0
17281;0
53732;1
2830;0
58730;0
58731;0
58732;0
58734;0
58735;0
58736;0
58737;0
58738;0
58739;0
58740;0
58741;0
58742;0
58743;0
58744;0
58745;0
54725;1
6930;0
50280;0
50590;0
58858;0
90240;0
100117;0
17940;0
23500;1
4700;0
27450;0
32160;0
2690;0
13150;0
12170;0
3120;0
2831;0
8611;0
563042;0
563043;0
3960;0
100351;0
100350;0
562154;0
90960;0
10900;1
34360;1
9360;1
27750;0
22622;0
27550;0
27690;0
24010;0
24230;0
24260;0
24340;0
24350;0
24360;0
27570;0
27580;0
27670;0
27710;0
562225;0
100486;0
14860;0
18010;1
24300;1
30110;1
28420;0
31780;0
32310;0
31340;1
30120;1
70710;0
27524;0
33620;1
53622;1
563171;1
15271;1
562111;1
562112;1
18310;1
31411;1
25811;0
25813;0
25814;0
10123;1
11990;1
15650;1
15832;1
16300;1
16740;1
16753;1
18890;1
19460;1
27520;1
27841;1
27843;1
27851;1
27852;1
27853;1
31412;1
31414;1
31415;1
31417;1
31418;1
33450;1
33560;1
33570;1
33650;1
33660;1
33662;1
33674;1
33675;1
33676;1
33677;1
100501;1
562150;1
562151;1
562152;1
10251;0
27846;1
16752;0
27849;0
27522;0
12960;1
17980;0
23910;0
23920;0
23940;0
20990;0
26470;0
53733;1
563472;1
11160;0
25290;0
12760;1
53610;1
40520;0
51580;0
51061;0
29300;1
53722;0
53719;0
53723;0
54414;0
29800;1
53717;0
53772;0
563388;0
53718;0
18011;0
57932;0
33730;1
12620;1
26338;0
26318;1
26334;1
54416;1
562325;1
562326;1
562327;1
562328;1
562331;1
562332;1
562333;1
562335;1
562336;1
562337;1
562338;1
562339;1
562340;1
562342;1
562343;1
562344;1
562345;1
562348;1
562349;1
562350;1
562351;1
562352;1
562353;1
562354;1
562355;1
562356;1
562357;1
562358;1
562359;1
562360;1
562361;1
562362;1
562364;1
562365;1
562366;1
562367;1
562368;1
562369;1
562370;1
562371;1
562372;1
562373;1
562374;1
562375;1
562376;1
562377;1
562378;1
562379;1
562380;1
562381;1
562382;1
562383;1
562386;1
562387;1
562388;1
562390;1
562391;1
562392;1
562393;1
562394;1
562395;1
562396;1
562398;1
562399;1
562400;1
562401;1
562402;1
562403;1
562404;1
562405;1
562406;1
562407;1
562408;1
562409;1
562410;1
562411;1
562412;1
562413;1
562414;1
562417;1
562419;1
562421;1
562422;1
562423;1
562424;1
562425;1
562426;1
562427;1
562428;1
562429;1
562430;1
562431;1
562432;1
562433;1
562434;1
562435;1
562436;1
562437;1
562444;1
41430;0
41280;0
41030;0
41440;0
26341;0
26324;0
41160;0
26317;0
26335;0
26332;0
41220;0
41260;0
41100;0
26313;0
26316;0
41330;0
41290;0
41420;0
41450;0
41350;0
26336;0
41200;0
41190;0
41300;1
41080;1
41410;0
41020;0
26327;0
26331;1
41040;0
41360;0
41060;0
41090;0
41130;0
26322;0
41150;1
26314;0
41370;0
26333;0
41320;0
41270;0
41390;0
41250;0
26312;0
41180;0
41340;0
41210;0
26326;1
41010;0
41120;1
41310;0
26311;0
26323;1
41140;0
26315;0
26328;0
41050;0
41070;0
26329;0
41400;0
41380;0
26319;0
41110;0
26325;0
23410;0
29450;0
12610;0
22490;0
7240;0
7070;1
54728;0
54729;0
30010;1
56170;0
20370;1
34450;1
370;0
35790;0
29960;1
80200;0
26482;0
27830;1
22360;1
22361;1
14080;0
26481;1
24440;1
7500;1
20780;0
5150;0
5080;0
23530;1
23820;0
23510;0
13110;0
53590;1
50;0
7940;0
40640;0
90320;0
52450;1
12580;0
53570;1
19050;0
19870;0
23780;1
10780;0
4890;0
17810;0
53560;0
8530;1
5330;1
562826;1
2350;0
25900;0
100171;0
562032;0
562033;0
562034;0
562045;0
562099;0
22680;0
29690;0
12250;0
56039;0
1650;0
53550;1
53200;0
40740;0
6390;0
13920;0
10100;1
54310;1
56890;1
56330;0
57790;0
25230;1
10242;0
10243;0
11900;0
53532;0
563146;0
563147;0
60120;0
24130;0
10570;0
2300;0
20480;0
22810;0
10010;1
10000;1
60110;1
53601;0
31710;0
34800;0
53520;0
53531;0
562067;0
57763;0
20830;0
40170;1
54946;1
20610;1
12650;0
54941;0
54943;0
54969;0
54984;0
53813;0
15130;0
53811;0
562816;0
562895;0
562896;0
562897;0
562902;0
562904;0
562905;0
54952;0
54949;0
1360;0
1370;0
54965;0
54939;0
54954;0
54947;0
54934;0
54942;0
54937;0
54948;0
54932;0
27771;0
17260;0
27770;0
11170;0
28680;0
9760;0
140;0
2860;1
2880;0
30580;1
17720;0
17730;0
17770;0
17782;0
53518;0
16100;0
80910;0
100474;0
80210;0
80310;0
80230;0
80320;0
80880;0
80190;0
80760;0
80840;0
80770;1
80740;0
50893;0
80680;0
80750;0
80830;0
81280;0
80820;0
81240;0
100477;0
20230;0
20690;1
100209;0
1450;0
53827;0
22151;0
53514;0
100207;0
15010;0
35780;0
16030;0
22940;0
52369;0
32861;0
9150;1
7670;0
28230;0
562608;0
562609;0
562610;0
562611;0
562612;0
562613;0
562614;0
562615;0
53490;1
53480;1
562104;1
10730;0
56047;0
33250;0
100489;0
53401;1
12670;0
9220;0
8150;0
4090;0
4100;0
4107;0
562886;0
562888;0
562890;0
563151;0
563152;0
563153;0
563154;0
563155;0
563157;0
563158;0
563159;0
563160;0
563161;0
563162;0
563163;0
563164;0
563165;0
563166;0
563167;0
563168;0
563169;0
53500;0
562311;0
34910;0
22820;1
70730;0
70740;0
52930;0
51990;0
24860;1
100424;0
563467;0
3310;0
100436;0
70410;0
8220;1
60190;1
53460;0
54551;0
34790;0
55571;0
21339;0
21080;0
25150;0
80020;0
6630;0
25690;0
14970;1
10993;0
16850;1
50881;0
50530;1
18950;0
562148;0
19480;0
14000;0
14100;0
18570;1
25320;0
100425;0
10530;0
14380;1
34060;0
35690;0
35720;0
21810;0
21800;0
8520;1
562987;1
17440;1
53052;1
3640;0
6490;0
35740;0
53450;0
100461;0
5240;0
17560;1
26830;0
9560;1
53400;0
35700;0
562268;0
29980;1
19960;0
57671;0
57521;0
100426;0
53420;0
14250;0
9540;0
53410;1
35620;0
53609;0
54993;1
7790;0
4452;0
57514;0
100427;0
100428;0
100429;0
100430;0
70800;0
53370;0
17210;0
30320;1
30321;1
50510;0
562980;0
562981;0
100028;0
100174;0
71210;0
23730;0
23860;0
562236;0
56400;0
21190;1
51040;0
6470;0
6450;1
12370;0
100177;0
16980;0
31367;0
34530;0
80170;0
56680;1
27900;0
4050;0
4060;0
562309;0
100195;1
562508;1
6530;0
6540;0
562153;0
28490;0
7520;1
13010;1
26630;0
13380;0
21520;0
1810;0
1750;0
21510;0
100167;0
100165;0
100185;0
90090;0
90070;0
90080;0
90700;0
53611;1
5660;0
34400;0
1780;0
4330;1
4350;1
4351;0
4340;0
4380;0
14871;0
56942;0
810;0
52490;1
53340;0
14630;1
6570;1
17750;1
53310;0
100512;0
562321;0
33411;1
33420;1
562249;1
15930;0
17251;0
17250;0
14870;1
10580;1
18360;0
24083;0
40530;0
14650;0
34110;0
53403;0
33960;1
23770;0
25812;0
8330;1
8660;1
32850;1
13440;1
24541;0
91000;0
13850;1
50480;0
16070;0
53301;0
25650;0
53842;0
53841;0
29720;1
25760;0
90190;0
29390;0
57512;0
56250;1
16830;0
53290;0
53280;1
52385;1
33340;0
17220;0
17520;1
2435;0
33920;0
11230;0
90740;0
7260;1
34722;0
15420;0
14480;0
34410;1
34420;1
34580;1
3411;0
34570;0
3750;0
4451;0
31365;0
1330;1
60220;0
100268;0
12510;1
562583;1
100141;0
11410;0
11420;0
11480;0
8060;1
7920;0
57934;1
13740;0
9930;0
19840;0
23750;0
23050;1
20270;0
562983;0
52951;0
70590;1
19890;1
19891;1
70570;0
100276;0
10540;0
14680;0
30210;0
20650;0
100422;0
70960;0
6760;0
6750;0
13690;1
40030;0
40040;0
40050;0
40090;0
40110;0
40020;0
40000;0
40010;0
40070;1
40100;0
2870;1
21290;0
53240;1
55002;1
53230;1
50551;0
25141;0
3110;0
15831;0
16430;0
410;0
28690;0
10150;1
21310;0
40690;0
14780;0
33710;0
4720;0
562271;0
562274;0
90420;0
100007;0
53070;0
71140;0
563030;0
15050;1
15390;1
22460;1
562113;1
21430;0
8610;0
562523;0
14640;1
20450;1
5840;0
33060;1
24040;0
55480;0
100330;0
100305;0
100306;0
53603;0
6010;0
54900;0
22070;1
71080;0
100431;0
90880;0
4103;0
21820;0
18120;1
56180;0
21220;0
22190;1
25820;1
22350;1
23450;1
540;0
33511;0
10030;1
90300;0
31416;0
12290;1
28980;1
80450;0
100270;0
1790;1
1870;1
28710;0
33930;0
28290;0
800;0
60170;0
26700;0
53201;0
563149;0
563150;0
91021;0
91022;0
19770;0
28210;0
28221;0
23041;1
55001;1
30200;0
23550;0
15410;0
54723;1
100070;0
31790;0
100033;0
50421;0
4421;0
4420;0
7580;0
27040;0
34300;1
60160;0
22430;1
563371;1
60320;0
29340;0
13200;0
55810;0
100345;0
34660;1
31691;0
31692;0
100072;0
100073;0
2930;0
100243;0
53627;1
34820;0
22170;0
53522;0
53160;1
58829;0
100200;0
70090;0
10370;1
11530;1
34650;0
54293;0
27330;0
21352;0
9410;1
14350;0
15720;0
1152;0
12490;0
1970;1
9411;0
13570;1
55879;0
56051;0
19230;0
58820;0
100016;0
562215;0
562216;0
562222;0
563145;0
50410;0
100066;0
12990;1
17190;0
1820;0
100006;0
50380;0
28880;0
18400;0
34200;0
15790;1
26660;0
6130;1
11490;1
29090;1
8110;0
55014;0
53130;0
8111;1
18260;0
5780;1
23810;1
21110;1
13930;0
563394;0
15220;0
53823;0
12500;0
35812;0
21120;0
24700;1
100208;0
12690;0
21150;1
7300;0
27951;0
24500;0
14060;1
53120;0
13600;1
60140;0
11750;1
22500;1
29540;1
90050;1
53142;0
53145;0
34911;0
34730;0
24080;0
34631;0
53144;0
53110;1
14360;0
52397;1
17390;0
26920;0
90520;0
31940;1
24850;0
13250;0
35750;0
35822;0
35823;0
29260;0
29560;0
2110;0
22630;0
29210;0
29220;0
17470;0
22351;0
90100;0
58885;0
29270;0
29610;0
29850;1
29591;0
29630;0
50370;0
19270;0
25010;1
29480;0
25020;1
20700;0
70330;0
26421;0
54450;0
35660;1
25810;0
57290;0
51240;0
10330;0
7560;0
562020;0
100192;0
100193;0
562019;0
562021;0
562488;0
562489;0
562490;0
562493;0
562494;0
562495;0
562496;0
562497;0
562499;0
562501;0
563351;0
563352;0
563353;0
563355;0
53097;0
562482;0
562483;0
562484;0
562485;0
50340;0
3560;1
18781;1
34140;0
15920;1
14950;0
2970;0
15340;0
22930;1
17800;1
15910;1
15300;0
8810;1
28970;0
32720;1
32730;1
32270;0
563233;0
35817;0
35818;0
7410;0
57331;0
563423;0
35813;0
55150;0
20950;1
10995;0
32020;0
53060;0
100108;0
24190;1
9600;1
10320;0
52389;0
11830;0
15260;0
11360;0
25330;0
53040;1
3681;1
55640;0
6230;0
6200;0
11180;1
24320;0
19700;0
53020;0
300;0
21090;0
2840;0
30480;0
22090;0
17670;0
58824;0
58825;0
2520;0
562051;0
70530;0
15860;0
11770;1
12710;1
13840;0
6180;1
13480;0
53153;1
22900;0
562106;0
50402;0
50885;0
100071;0
100065;0
58822;0
50310;0
50300;0
24590;1
52363;0
7860;1
3470;0
562059;0
32591;0
33678;0
55550;0
50401;0
90940;0
9387;1
50270;0
54409;1
14700;0
52368;0
52371;0
52373;0
52374;0
52377;0
52378;0
53517;1
53141;0
22450;0
562616;0
52365;0
52367;0
2820;0
52960;0
53010;0
23370;0
19140;0
52990;0
53000;0
57840;0
52970;0
52980;0
16200;1
100255;1
33820;0
52952;0
52953;0
14770;0
4750;0
16990;0
53521;0
100025;0
100354;0
100355;0
100356;0
17370;0
100232;0
562125;0
13260;1
100116;0
53092;1
25070;1
6510;1
12262;0
9550;0
16748;1
70930;0
20100;0
22410;0
50230;0
50240;0
30450;0
29060;0
28850;0
562100;0
562101;0
52940;0
6080;0
8370;1
420;0
15500;0
52941;0
3970;1
3020;1
23461;1
23431;0
23490;1
22830;1
23470;1
22640;0
22850;0
32900;0
53360;0
23030;1
29000;1
12980;0
19610;0
50220;0
100333;0
15480;0
18720;0
562146;0
53152;1
7422;0
14420;0
81120;0
14701;0
620;0
35827;0
3430;0
70180;0
960;0
961;0
8730;0
70810;0
520;0
2710;1
4150;0
17150;0
29700;1
53630;1
32500;1
16650;0
32590;0
25571;0
4300;1
50190;0
100242;0
100244;0
35130;0
34700;0
35120;0
52910;1
15450;0
52892;0
52891;1
31920;0
32030;0
15080;1
33890;0
52890;0
90690;0
57410;1
40800;1
33610;1
52820;0
52819;0
52825;0
15950;1
52841;1
52850;1
11380;0
52826;0
52840;0
34430;0
6030;0
18770;0
25480;0
54722;0
670;1
70700;1
562994;1
35551;0
100058;0
100218;0
100291;0
562270;0
19000;0
50160;0
9180;0
52781;0
100157;1
100158;1
28930;0
52790;1
52780;1
52631;0
50391;0
51350;0
1980;0
27870;0
15190;0
71000;0
15520;0
52761;1
80240;0
57880;0
1560;1
20940;0
19320;0
23660;0
18080;0
14930;0
57440;0
3030;0
6870;1
34610;0
52760;0
53660;0
29520;0
9420;0
20880;0
3800;0
15400;0
100251;0
100252;0
15000;0
20900;0
50550;0
23560;1
23570;1
23540;0
2780;0
2810;0
9300;0
10380;0
8170;1
60014;1
563235;1
21050;0
15230;0
3380;0
2510;0
4840;0
4391;0
20410;1
18620;0
15730;0
70200;0
18630;0
15330;0
50150;0
34020;1
34030;1
22980;0
53091;0
6850;1
6940;1
13911;0
13910;0
6920;0
24540;0
9260;0
562537;0
9120;0
11730;0
6300;0
6310;0
6260;0
25720;0
19060;1
6290;1
19110;0
562110;0
8670;0
32080;0
16570;0
17170;0
17681;1
35280;0
8910;0
52758;0
52757;0
57757;0
53300;0
30250;0
24380;0
57663;0
50124;0
53940;0
53580;0
12460;1
52750;1
34390;1
54821;0
100343;0
54803;0
54805;0
54809;0
54815;0
54816;0
54817;0
54819;0
54822;0
54823;0
40670;0
562206;0
21230;0
28410;0
7880;0
5460;0
7970;0
29590;0
100245;0
21336;0
32470;0
32480;0
70581;0
563231;0
58823;0
100275;0
562438;0
562606;0
562607;0
28110;1
52731;1
52821;0
33940;0
56361;0
52730;0
31640;0
23930;1
23260;1
22140;1
51680;0
100069;0
563031;0
28250;0
56110;0
563339;0
80600;0
58814;1
16780;1
21960;1
6420;0
27730;0
52720;0
22300;1
52481;0
57903;0
57904;0
57905;0
19290;1
32880;0
562068;0
19292;0
57902;0
6050;0
8770;0
562525;0
100264;0
50011;1
52480;0
30140;0
12010;1
30360;1
8200;1
54100;0
12320;1
250;0
60440;0
31961;0
450;1
6160;1
6170;1
52753;0
7610;1
240;0
6451;0
562440;0
58852;0
8250;0
31380;0
57921;0
9379;0
24920;1
730;1
17340;0
28660;1
24270;1
27050;1
562306;1
12430;0
11081;1
11082;1
4951;0
52366;0
28120;0
13210;0
9670;1
9320;0
5590;0
25390;0
25420;0
25380;1
9460;1
90750;0
27780;0
27140;1
6810;1
30100;1
4880;1
15580;1
990;0
23280;1
19580;0
21240;0
1580;0
26460;0
25860;0
16890;1
52700;0
25100;1
52690;0
32810;0
5210;0
23350;1
52552;1
52680;0
18470;0
52670;1
29770;1
15660;1
52660;1
52387;0
14920;1
3000;0
1200;1
27590;0
562209;0
27650;0
27560;0
27610;0
27620;0
27680;0
27700;0
27720;0
27810;0
562226;0
27630;0
50910;0
25530;0
9261;0
9262;0
9263;0
562538;0
6460;1
9264;0
26440;0
23320;1
33770;0
29760;1
3740;0
70211;0
5270;1
562316;1
60380;0
8680;0
14160;0
9850;0
4590;1
32180;0
601;0
24810;1
35400;1
52721;0
50123;0
24780;0
10430;1
15760;1
26870;1
53824;0
53826;0
53833;0
53834;0
53836;0
53838;0
53839;0
18430;1
52810;1
100278;1
562069;1
562070;1
100383;0
100387;0
100389;0
100390;0
100391;0
562817;0
562818;0
34940;0
10830;0
50290;0
90360;0
19120;1
3990;0
4021;0
4130;0
35500;0
35630;0
26910;1
35462;0
100344;0
35453;0
28240;0
52640;0
13080;0
52551;0
13090;0
60210;0
52630;1
60250;0
40860;0
12860;1
52620;0
57915;0
25080;1
27410;0
1460;1
50040;0
100067;0
51290;0
16340;0
30231;1
24390;0
17100;0
9382;1
35670;1
100347;0
100296;0
33210;0
16390;0
53817;0
562533;0
27370;1
5130;0
5140;0
3162;1
5090;0
9840;0
721;0
26450;0
58819;1
58816;0
90040;0
58844;0
50021;0
100008;0
50490;1
51650;1
19090;0
8540;0
20110;0
6990;0
52754;0
54625;0
32010;0
55610;0
15770;0
562141;0
90550;0
15490;1
52570;0
53612;1
53613;1
563433;1
563434;1
53051;0
19910;0
14910;0
4200;1
25310;1
52384;0
26180;0
5890;1
52561;0
5060;0
9660;0
4260;0
16440;1
31460;1
10640;0
10930;1
52560;1
53860;0
31500;0
54124;0
50101;0
50960;0
52550;0
14500;1
12280;1
5180;0
54500;0
30350;0
4370;0
9110;1
3050;0
563381;0
16749;0
23310;0
50010;0
13950;0
8710;0
100236;0
16730;0
23960;0
12630;0
80070;1
53615;0
6610;0
1700;0
12162;0
1400;0
13430;0
90250;0
30240;0
56480;1
55003;1
19190;1
52460;0
20240;0
30130;0
562284;0
562285;0
562286;0
6800;0
11270;0
562992;0
71180;0
2220;0
2230;0
2190;0
2210;0
5100;0
561981;0
561982;0
561983;0
561984;0
561985;0
561986;0
561987;0
561988;0
561989;0
561990;0
561991;0
561992;0
561994;0
561995;0
561996;0
561997;0
561998;0
562000;0
562001;0
562002;0
562003;0
562004;0
562005;0
562006;0
562007;0
562009;0
562012;0
562013;0
562014;0
562015;0
562016;0
562017;0
562018;0
562022;0
562023;0
35448;0
30030;0
562232;0
5930;0
5940;0
562046;0
562024;0
25890;0
190;0
200;1
56260;0
27525;1
27526;1
27842;1
562208;1
2650;0
562052;0
562055;0
562060;0
562061;0
9373;0
9374;0
50120;0
562073;0
60260;0
71051;0
55830;0
16860;0
28140;0
562105;0
562475;0
562480;0
562121;0
562122;0
562123;0
19180;0
562130;0
562134;0
562135;0
562136;0
562137;0
562138;0
55700;0
562140;0
2490;0
2491;0
570;0
9190;0
1320;0
1690;0
562147;0
35380;0
25680;0
100126;0
100127;0
100132;0
100133;0
100139;0
26337;0
562213;0
563212;0
54813;0
9490;0
19040;0
40120;1
9378;1
33100;0
562223;0
27940;0
27941;0
562233;0
562838;0
27990;0
9440;0
562239;0
562240;0
53893;0
31840;0
9385;0
22210;0
9450;0
562248;0
562258;0
562269;0
5030;0
562276;0
3830;0
16743;0
22710;0
53524;0
53529;0
53604;1
562283;0
40861;0
40550;0
40540;0
561993;0
19850;0
19560;0
17680;0
562536;0
562712;0
562713;0
562714;0
562715;0
562716;0
562717;0
562454;0
5290;0
5581;0
5640;0
5650;0
33231;0
33240;0
33270;0
33281;0
562250;0
562721;0
100352;0
562579;0
562580;0
4680;0
52376;0
562210;0
562211;0
50420;0
53512;0
100229;0
30290;0
23580;0
30040;0
3060;0
21365;0
27820;0
52382;0
11861;0
9375;0
562603;0
20020;1
562604;1
20850;0
33760;0
52653;0
53511;0
100225;0
3880;0
53740;0
52500;0
562090;0
563006;0
100478;0
53814;0
57672;0
57673;0
562597;0
51864;0
9381;0
23040;0
100384;0
20630;0
17890;0
53053;1
54967;1
10460;0
27971;0
25972;0
17020;0
55265;0
562307;0
562124;0
54820;0
562313;0
562314;0
562320;0
58817;0
562083;0
57933;1
57935;1
562324;0
562329;0
562330;0
562341;0
562347;0
562363;0
57303;0
562384;0
562389;0
8400;0
100491;0
562415;0
562416;0
562418;0
17780;0
562887;0
562439;0
562441;0
54121;0
563224;0
34470;0
1170;0
16744;0
32490;0
3834;0
3950;0
4170;0
562447;0
52372;0
27760;0
52406;1
562302;0
52380;0
54370;0
562448;0
562077;0
562449;0
21359;0
55990;0
562126;0
8830;0
562299;0
10490;1
30000;0
562463;0
563026;0
563028;0
34551;0
562114;1
27952;0
562726;0
563029;0
31272;0
562300;0
562555;0
10440;1
562572;0
53571;0
26210;0
25561;0
8970;1
562397;1
563193;1
50260;0
562515;0
56360;1
51500;0
21860;1
13100;0
51340;0
100194;1
562456;0
21791;0
52881;0
26422;0
56839;0
29020;0
23180;0
35810;0
562835;0
9010;0
60040;0
100371;0
58878;0
16800;0
56355;0
562212;0
54966;0
55510;0
31550;0
54963;0
54987;0
54953;0
18480;0
22760;0
16921;0
52510;0
562517;0
33990;0
11761;0
90101;0
562511;0
27510;0
2250;0
562030;0
30560;0
54931;0
53828;0
54413;0
562521;0
562526;0
11030;0
562531;0
4741;0
562535;0
562301;0
562541;0
562542;0
562543;0
562544;0
13550;0
71070;0
562547;0
562548;0
16741;0
4690;0
54670;0
9290;0
15800;0
562562;0
29971;0
14830;0
562566;0
562571;0
26320;0
563072;0
562582;0
562584;0
562445;0
25430;0
25790;0
562588;0
562594;0
562595;0
52751;0
21000;0
20380;0
562602;0
35826;0
35829;0
562605;0
600;0
100499;0
561999;0
8480;1
56770;0
100037;0
54291;1
562711;0
562718;0
562719;0
562720;0
562722;0
562723;0
562724;0
562725;0
21792;0
562556;0
60030;0
16750;0
80810;0
24430;0
591;0
58841;0
100121;0
3980;0
56070;0
57730;0
35840;0
9800;0
57341;0
562095;0
7951;0
563033;0
563359;0
563360;0
563361;0
54070;0
740;0
11150;0
52600;0
30150;1
563228;1
55940;0
13700;0
8760;0
53963;0
562557;0
51003;0
562094;0
15890;0
70980;0
15841;0
55350;0
562727;0
562728;0
562729;0
562730;0
562731;0
562732;0
562733;0
562734;0
562735;0
562736;0
562737;0
562738;0
562739;0
562740;0
562741;0
562742;0
562743;0
562744;0
562745;0
562746;0
562747;0
562748;0
562749;0
562750;0
562751;0
562752;0
562753;0
562754;0
562755;0
562756;0
562757;0
562758;0
562759;0
562760;0
562761;0
562762;0
562763;0
562764;0
562765;0
562766;0
562767;0
562768;0
562769;0
562770;0
562771;0
562772;0
562773;0
562774;0
562775;0
562776;0
562777;0
562778;0
562779;0
562780;0
562781;0
562782;0
562783;0
562784;0
562785;0
562786;0
562787;0
562788;0
562789;0
562790;0
562791;0
562792;0
562793;0
562794;0
562795;0
562796;0
562797;0
562798;0
562799;0
562800;0
562801;0
562802;0
5530;0
562803;0
562804;0
562805;0
562806;0
562807;0
562808;0
562809;0
71121;1
562810;0
562811;0
562812;0
562813;0
562814;0
562815;0
52911;0
54938;0
100031;0
52314;0
30080;0
27210;0
90430;0
71020;0
770;0
23480;0
562825;0
35459;0
35463;0
34909;0
53716;0
562829;0
10996;0
562834;0
55100;0
18100;0
53730;0
18780;0
50121;0
100109;0
27513;0
27060;0
30500;0
3920;0
22590;0
16140;0
29320;0
53534;0
4422;0
25280;0
54975;0
19970;0
32510;0
25850;0
562841;0
7900;0
24600;0
28510;0
28700;0
35021;0
35160;0
563000;0
100308;0
100309;0
56380;0
54972;0
50122;0
90580;0
100122;0
1761;0
11710;0
15100;0
562840;0
53085;0
27260;0
70150;0
90110;0
562842;0
563227;0
34980;0
53597;0
16500;0
35815;0
562847;0
562848;0
16746;0
32680;0
562849;0
562986;0
562851;0
562850;0
562852;0
562854;0
562853;0
562855;0
562856;0
562857;0
562858;0
562859;0
562860;0
562935;0
35360;0
562262;0
562861;0
562862;0
562863;0
562472;0
562864;0
562865;0
562866;0
562867;0
562868;0
562869;0
562870;0
562871;0
562872;0
562873;0
562874;0
562875;0
562876;0
562877;0
562878;0
562880;0
562881;0
562882;0
562883;0
53724;0
100476;0
562884;0
562915;0
562916;0
562917;0
100079;0
562918;0
562919;0
562921;0
562922;0
562923;0
562924;0
562925;0
562926;0
562927;0
562928;0
562929;0
562930;0
562931;0
562932;0
562933;0
562934;0
8720;0
21740;0
10270;0
562098;0
562465;0
562938;0
562940;0
562908;1
60450;0
58879;0
562821;0
562822;0
562214;0
56924;0
562920;0
562879;0
50892;0
28990;0
56917;0
100279;0
60060;0
9030;0
5440;0
35455;0
22080;0
23290;0
4105;0
50650;0
100289;0
80500;0
34380;0
32750;0
562246;0
100077;0
57280;0
80580;0
18180;0
27845;0
54995;0
562479;0
562478;0
10410;0
562471;0
53096;0
562473;0
562469;0
57900;0
10090;0
26490;0
27010;0
57660;0
70060;0
52650;0
50541;0
562217;0
562218;0
55930;0
10120;0
56923;0
19690;0
51098;0
563436;0
57270;0
24710;0
52580;0
562943;0
100277;0
51035;0
100059;0
54959;0
50792;0
562970;0
29310;0
562277;0
562474;0
53881;0
562977;0
53780;0
53150;0
53155;0
562976;0
562989;0
27240;0
27440;0
53812;0
562097;0
562914;0
52905;0
70620;0
23140;0
50793;0
563035;0
563037;0
563038;0
7250;0
31366;0
57914;0
563195;0
12700;0
17550;0
10790;0
2150;1
9380;0
24770;0
54933;0
60230;0
71060;0
53146;0
562991;0
56914;0
56915;0
56916;0
53729;0
51007;0
562464;0
562466;0
562467;0
4418;0
4423;0
2410;0
54970;0
21345;0
17331;0
562898;0
562899;0
14490;0
12310;0
100034;0
90610;0
4230;0
2660;0
70070;0
55160;0
4250;0
10070;0
53470;0
29250;0
562346;0
562078;0
100176;0
56390;0
4120;0
55040;0
562963;0
58839;0
53835;0
53510;0
53620;0
53800;0
54112;0
56910;0
56940;0
100210;0
100266;0
35680;0
81000;0
563032;0
9372;0
28030;0
19820;0
57662;0
563021;0
563044;0
562893;0
35432;0
562470;0
17030;0
35433;0
22250;0
9376;0
50430;0
54802;0
563143;0
563358;0
55380;0
14400;0
10121;0
17691;0
563041;0
17690;0
563015;0
563144;0
50710;0
56310;0
70420;0
100444;0
563018;0
15460;0
562956;0
70540;0
563019;0
13671;0
52950;0
100323;0
100388;0
54962;0
81010;0
100385;0
5420;0
18140;0
34080;0
55551;0
7050;0
51780;0
14410;0
80270;0
50973;0
55881;0
16690;0
32230;0
9390;0
100078;0
24060;0
563002;0
52470;0
26370;0
24950;0
52010;0
81130;0
562086;0
53711;0
562999;0
32040;0
55882;0
563234;0
31200;0
31220;0
34912;0
562220;0
562219;0
50250;0
22720;0
562574;0
562575;0
563075;0
56960;0
562949;0
563205;0
563206;0
30610;0
16970;0
563003;0
4180;0
630;0
25050;0
50798;0
562885;0
51390;0
563377;0
563045;0
34000;0
16920;0
562937;0
51001;0
33661;0
58908;0
90800;0
70000;0
32830;0
70820;0
32140;0
562539;0
35833;0
23520;0
56922;0
29070;0
100114;0
100113;0
53575;0
58913;0
35441;0
57901;0
563034;0
51740;0
52021;0
563097;0
563098;0
51360;0
54415;0
563004;0
35449;0
53715;0
10200;0
120;0
10020;0
28130;0
9370;0
562082;0
563107;0
51140;0
80581;0
51070;0
54491;0
56430;0
56270;0
32210;0
563005;0
100159;0
70500;0
18150;0
100125;0
1070;0
16520;0
18200;0
56926;0
21630;0
5900;0
35800;0
8270;0
27080;0
563046;0
34670;0
15290;0
19020;0
3270;0
5770;0
563014;0
11862;0
33390;0
100257;0
27523;0
30020;0
4099;0
10991;0
34540;0
55390;0
3710;0
16360;0
100316;0
562909;0
562894;0
55300;0
10240;0
5190;0
562907;0
4210;0
563001;0
563172;0
70880;0
90791;0
18300;0
50886;0
562910;0
20130;0
562385;0
562334;0
7930;0
8420;0
21710;0
34220;0
562254;0
100288;0
21362;0
50720;0
562964;0
563010;0
563367;0
563370;0
53190;0
100353;0
563427;0
563428;0
563429;0
563430;0
563431;0
53748;0
50899;0
90220;0
27250;0
24760;0
56230;0
562831;0
563053;0
53210;0
52364;0
50791;0
562973;0
17130;0
40820;0
27844;0
23740;0
56912;0
562974;0
25260;0
10400;0
53030;0
9780;0
24610;0
80480;0
70130;0
562846;0
562951;0
50883;0
50884;0
562950;0
562561;0
50811;0
50330;0
7770;0
563017;0
81290;0
12380;0
16960;0
6240;0
54936;0
15830;0
562845;0
6670;0
29490;0
50540;0
50651;0
562462;0
23600;0
35430;0
27300;0
562995;0
58906;0
26980;0
562458;0
50681;0
34870;0
3320;0
60300;0
51130;0
563091;0
13220;0
15590;0
260;0
50780;0
563057;0
52290;0
18970;0
4550;0
23970;0
21364;0
54230;0
2630;0
60012;0
53602;0
1520;0
54111;0
51430;0
54945;0
9311;0
562103;0
7890;0
24740;0
21773;0
28280;0
33671;0
41000;0
41170;0
563129;0
100411;0
3690;0
50180;0
9377;0
780;0
17430;0
50520;0
54750;0
53761;0
54180;0
563338;0
23120;0
562550;0
5592;0
563040;0
57731;0
70100;0
54944;0
34620;0
18201;0
562903;0
7421;0
54935;0
100258;0
24520;0
12550;0
70230;0
24840;0
20490;0
562461;0
70190;0
563130;0
563131;0
32650;0
563108;0
563109;0
563110;0
563111;0
563112;0
563113;0
563114;0
563115;0
563116;0
563117;0
563118;0
563119;0
563120;0
563121;0
563122;0
563123;0
563124;0
563125;0
563126;0
563127;0
563128;0
563173;0
563389;0
563390;0
563391;0
563392;0
563393;0
563396;0
563397;0
563398;0
563399;0
563400;0
563401;0
563402;0
563403;0
563404;0
563405;0
563406;0
563407;0
563408;0
563409;0
563410;0
563411;0
563412;0
563413;0
563414;0
563415;0
563416;0
3550;0
32660;0
562247;0
3831;0
70850;0
20790;0
563086;0
563105;0
563009;0
16290;0
223;0
50440;0
9371;0
33500;0
53837;0
26530;0
4390;0
562221;0
563077;0
53829;0
24690;0
54951;0
563148;0
90280;0
56530;0
11020;0
680;0
12261;0
3140;0
9081;0
563175;0
90540;0
100487;0
57050;0
57664;0
11800;0
52151;0
55582;0
58581;0
563184;0
563185;0
563186;0
563187;0
563188;0
562965;0
16450;0
27920;0
9910;0
100017;0
31450;0
28550;0
100380;0
6190;0
563170;0
562913;0
53816;0
33180;0
56925;0
27090;0
562457;0
562460;0
100341;0
100144;0
21338;0
20720;0
563196;0
563197;0
563198;0
563200;0
563201;0
563202;0
563203;0
563204;0
563207;0
23670;0
563209;0
563210;0
563211;0
563213;0
563176;0
563215;0
563214;0
563216;0
563217;0
563218;0
563219;0
563220;0
18990;0
53061;0
90970;0
16910;0
3440;0
54294;0
563141;0
563142;0
3360;0
80620;0
20160;0
80920;0
28220;0
3220;0
90200;0
562476;0
650;0
562096;0
80780;0
3832;0
563189;0
8350;0
14150;0
20070;0
563190;0
70140;0
563096;0
563087;0
563088;0
1490;0
563094;0
100123;0
563095;0
563092;0
563093;0
50782;0
29500;0
5390;0
25880;0
70771;0
562596;0
55870;0
9200;0
23240;0
5850;0
32091;0
58842;0
80110;0
100386;0
32640;0
100467;0
17120;0
53880;0
53086;0
28000;0
53640;0
880;0
28780;0
80460;0
562026;0
563221;0
3070;0
53095;0
19640;0
58818;0
53090;0
563323;0
20260;0
55811;0
55950;0
563357;0
56651;0
10670;0
54811;0
12750;0
550;0
54610;0
32740;0
563324;0
563325;0
53101;0
562911;0
28540;0
31368;0
31310;0
563208;0
27290;0
90340;0
100469;0
54860;0
53098;0
70900;0
563232;0
563078;0
28470;0
28530;0
28840;0
562420;0
41240;0
54814;0
13860;0
562481;0
563350;0
562889;0
563346;0
563347;0
563348;0
100124;0
19160;0
54806;0
54804;0
54807;0
54831;0
54808;0
562091;0
52401;0
54818;0
563178;0
90510;0
380;0
7760;0
563073;0
563239;0
563036;0
563341;0
11540;0
6150;0
563332;0
563331;0
54510;0
563335;0
100454;0
563334;0
57510;0
563238;0
19940;0
81080;0
563236;0
11690;0
57700;0
53139;0
562468;0
9900;0
29640;0
26650;0
34950;0
60090;0
4910;0
18000;0
52140;0
21770;0
21772;0
14820;0
100035;0
41230;0
562901;0
12920;0
58857;0
8890;0
70290;0
3540;0
55890;0
12480;0
53621;0
70920;0
51004;0
100280;0
52759;0
562900;0
562955;0
562906;0
563076;0
562968;0
27521;0
29440;0
71040;0
71052;0
16480;0
26750;0
15842;0
50820;0
1880;0
22840;0
2310;0
562944;0
562945;0
100339;0
70400;0
100438;0
6790;0
51420;0
471;0
18220;0
54986;0
9710;0
563106;0
31480;0
2960;0
563291;0
51441;0
28620;0
16400;0
18390;0
100187;0
16090;0
27847;0
90;0
562996;0
222;0
563244;0
4417;0
390;0
34440;0
563373;0
563374;0
563375;0
20531;0
53102;0
562962;0
70941;0
8900;0
22970;0
52100;0
8380;0
35040;0
26200;0
563354;0
6668;0
2730;0
563345;0
563349;0
563182;0
51380;0
22700;0
8120;0
562011;0
20460;0
54650;0
32570;0
562505;0
562504;0
50090;0
100029;0
100030;0
562486;0
11060;0
57810;0
24120;0
12440;0
58826;0
563241;0
90270;0
9590;0
53089;0
563183;0
35260;0
90640;0
56661;0
21990;0
55410;0
562510;0
30230;0
35456;0
53608;0
17280;0
100203;0
55910;0
563237;0
4010;0
6590;0
53080;0
51640;0
562958;0
35832;0
54408;0
53815;0
11650;0
22370;0
562279;0
6980;0
54812;0
55569;0
22910;0
80400;0
22621;0
80390;0
19720;0
15620;0
8130;0
563326;0
563327;0
563328;0
563356;0
24370;0
58911;0
562498;0
562491;0
563425;0
562500;0
562502;0
19440;0
563342;0
562492;0
562503;0
562487;0
51033;0
51031;0
51036;0
51037;0
51910;0
51034;0
54960;0
50882;0
50350;0
54202;0
100011;0
563420;0
29050;0
29900;0
28300;0
563011;0
563372;0
20430;0
80650;0
563441;0
52301;0
4440;0
563369;0
562459;0
52360;0
52400;0
58900;0
563368;0
563376;0
71120;0
562455;0
50740;0
53093;0
14010;0
563378;0
563454;0
100274;0
51020;0
7140;0
563013;0
562443;0
563225;0
563223;0
562442;0
54120;0
100297;0
563226;0
16580;0
56921;0
16700;0
563316;0
563156;0
51032;0
25870;0
57402;0
57401;0
53084;0
563382;0
563466;0
563386;0
54492;0
14510;0
13880;0
563424;0
9470;0
50610;0
50810;0
17510;0
2580;0
81310;0
90570;0
54998;0
54620;0
54619;0
